model,accuracy,precision,recall,f1,auc,positive_rate_test,majority_class_predicted
baseline_majority,0.8628410021887725,0.0,0.0,0.0,,0.13715899781122753,0.0
random_forest_classifier,0.7455766009219745,0.3202234553089382,0.7614335383792458,0.4508432526590831,0.8254819096683061,0.13715899781122753,
